BTC;
LTC;
PPC;
NXT;November 25, 2013
DOGE;December 08, 2013
MSC;July 31, 2013
NMC;
QRK;July 21, 2013
PTS;November 05, 2013
WDC;May 14, 2013
MEC;May 29, 2013
XPM;July 07, 2013
IFC;June 05, 2013
FTC;April 16, 2013
NVC;February 11, 2013
TIX;September 20, 2013
DVC;August 05, 2011
ZET;August 03, 2013
TRC;
DGC;May 18, 2013
ANC;June 06, 2013
FRC;
IXC;
CL;June 05, 2013
CGB;June 28, 2013
MNC;April 03, 2013
BQC;July 15, 2012
GLD;June 11, 2013
I0C;August 11, 2011
NET;
BTB;June 20, 2013
YAC;May 05, 2013
BTE;April 02, 2013
FLO;June 17, 2013
USC;November 30, 2013
BLC;October 07, 2013
TAG;October 24, 2013
UN;October 17, 2013
PXC;May 20, 2013
PyBC;July 08, 2013
FRK;May 11, 2013
CAP;June 23, 2013
NBL;May 26, 2013
GME;July 27, 2013
CNC;May 01, 2013
HBN;July 24, 2013
JKC;May 11, 2013
FST;May 29, 2013
KGC;June 30, 2013
BTG;May 16, 2013
ZCC;August 05, 2013
FEC;August 06, 2013
PHS;July 28, 2013
AMC;May 29, 2013
SPC;May 15, 2013
LKY;May 24, 2013
SPT;July 21, 2013
MEM;May 27, 2013
EZC;May 29, 2013
CMC;June 28, 2013
DMD;July 13, 2013
ARG;June 11, 2013
SIC;June 22, 2013
Ybc;
GLX;July 08, 2013
NUG;July 15, 2013
LBW;July 22, 2013
CSC;July 18, 2013
EGC;July 22, 2013
ZTC;May 30, 2013
ONC;May 09, 2013
ELP;July 15, 2013
GLC;June 26, 2013
CDC;July 14, 2013
GDC;July 13, 2013
PYC;August 06, 2013
ADT;August 18, 2013
CPR;August 11, 2013
SAU;August 13, 2013
PLT;August 02, 2013
BOC;August 11, 2013
SRC;August 09, 2013
TEK;September 07, 2013
EXC;August 17, 2013
DPS;August 15, 2013
CRC;July 05, 2013
KING;August 21, 2013
CP2;
ASC;September 11, 2013
MAP;September 06, 2013
COL;August 22, 2013
ITC;September 18, 2013
MSC;September 18, 2013
LK7;September 16, 2013
BEC;September 24, 2013
PPL;September 17, 2013
XJO;September 22, 2013
MMM;September 23, 2013
SAV;September 01, 2013
SHT;October 07, 2013
NYM;November 06, 2013
FZ;December 11, 2013
SEC;December 23, 2013
GRA;December 07, 2013
OSC;August 06, 2013
EAC;December 20, 2013
CENT;August 06, 2013
NEC;July 26, 2013
JPC;July 16, 2013
CRM;August 01, 2013
VLC;June 21, 2013
GRW;August 02, 2013
SYC;May 29, 2013
SXC;May 28, 2013
RYC;May 09, 2013
DNC;May 26, 2013
NAN;June 25, 2013
MST;June 24, 2013
USC;May 24, 2013
FEC;July 01, 2013
CDC;July 14, 2013
RCH;June 20, 2013
XNC;June 19, 2013
REC;June 06, 2013
ALF;June 10, 2013
RED;June 30, 2013
ORB;July 31, 2013
TDC;June 25, 2013
NUC;June 23, 2013
6CN;June 20, 2013
PWC;May 13, 2013
SRC;May 15, 2013
HYC;May 28, 2013
CLC;January 05, 2012
RUC;October 16, 2011
TimeKoin;
XRP;
HUC;September 24, 2013
JPU;July 30, 2013
EMU;June 29, 2013
